ranks,links,directors,posters,titles,years,meter_scores,critics,synopses,casts
1,https://www.rottentomatoes.com/m/grave_of_the_fireflies,['Isao Takahata'],https://resizing.flixster.com/1bSwk0DFgz24YvDnefq8fCGTfAk=/fit-in/180x240/v2/https://resizing.flixster.com/-XZAfHZM39UwaGJIFWKAE8fS0ak=/v3/t/assets/p158931_p_v8_aa.jpg,Grave of the Fireflies,1988,100%,"An achingly sad anti-war film, Grave of the Fireflies is one of Studio Ghibli's most profoundly beautiful, haunting works.",A teenager (J. Robert Spencer) is charged with the care of his younger sister (Rhoda Chrosite) after an Allied firebombing... [More],"['J. Robert Spencer', ' Rhoda Chrosite', ' Amy Jones', ' Kathleen McInerney']"
2,https://www.rottentomatoes.com/m/a_man_escaped,['Robert Bresson'],https://resizing.flixster.com/6piMO8yp4xz1X-2EvNvTECTdOCU=/fit-in/180x240/v2/https://resizing.flixster.com/-XZAfHZM39UwaGJIFWKAE8fS0ak=/v3/t/assets/p12336_p_v8_aa.jpg,A Man Escaped,1956,100%,"A Man Escaped is blockbuster Bresson, a well-acted POW drama that builds with subtle, seat-gripping tension.","In a film based on the writings of French Resistance fighter and POW André Devigny, Fontaine (François Leterrier) is being... [More]","['François Leterrier', ' Charles Le Clainche', ' Maurice Beerblock', ' Roland Monod']"
3,https://www.rottentomatoes.com/m/1003707-casablanca,['Michael Curtiz'],https://resizing.flixster.com/baYcpNSS4GEn7cPoW3chiWuoYyw=/fit-in/180x240/v2/https://resizing.flixster.com/wcaZelGoDPS575ju3tWP7-tBM20=/ems.cHJkLWVtcy1hc3NldHMvbW92aWVzLzUxNjQ2ZTQzLTJlNmItNGViYS05MDYyLWIzYTY5YzNhMzI3NS5qcGc=,Casablanca,1942,99%,"An undisputed masterpiece and perhaps Hollywood's quintessential statement on love and romance, Casablanca has only improved with age, boasting career-defining performances from Humphrey Bogart and Ingrid Bergman.","Rick Blaine (Humphrey Bogart), who owns a nightclub in Casablanca, discovers his old flame Ilsa (Ingrid Bergman) is in town... [More]","['Humphrey Bogart', ' Ingrid Bergman', ' Paul Henreid', ' Claude Rains']"
4,https://www.rottentomatoes.com/m/the_battle_of_algiers,['Gillo Pontecorvo'],https://resizing.flixster.com/EDW2LGAzrkaDm56oq-cj4OhF8g8=/fit-in/180x240/v2/https://resizing.flixster.com/-XZAfHZM39UwaGJIFWKAE8fS0ak=/v3/t/assets/p379_p_v8_ag.jpg,The Battle of Algiers,1966,99%,"A documentary-like depiction of a nation's real-life efforts to expel a colonizing force, The Battle of Algiers puts viewers on the front lines with gripping realism.","Paratrooper commander Colonel Mathieu (Jean Martin), a former French Resistance fighter during World War II, is sent to 1950s Algeria... [More]","['Jean Martin', ' Yacef Saadi', ' Brahim Haggiag', ' Tommaso Neri']"
5,https://www.rottentomatoes.com/m/1029042-henry_v,['Kenneth Branagh'],https://resizing.flixster.com/z_UZ3mZVWAwJqArc-KZ9DiCAmKk=/fit-in/180x240/v2/https://resizing.flixster.com/-XZAfHZM39UwaGJIFWKAE8fS0ak=/v3/t/assets/p11870_p_v8_ad.jpg,Henry V,1989,98%,"Pehaps Kenneth Branagh's most fully realized Shakespeare adaptation, Henry V is an energetic, passionate, and wonderfully acted film.","In this gritty screen adaptation of Shakespeare's play about the heroic and ruthless king, Henry V of England (Kenneth Branagh)... [More]","['Kenneth Branagh', ' Derek Jacobi', ' Brian Blessed', ' Ian Holm']"
6,https://www.rottentomatoes.com/m/schindlers_list,['Steven Spielberg'],https://resizing.flixster.com/CyCMZt28ObVjCxE8FXnVeGTOz2s=/fit-in/180x240/v2/https://resizing.flixster.com/P3NTptLJcIlWlLQwZMTWcITYaoY=/ems.cHJkLWVtcy1hc3NldHMvbW92aWVzLzlmMTBiZGYxLTFjZTctNGZiZS05OGU4LTAxNGIzNGZmNTVlMy5qcGc=,Schindler's List,1993,98%,Schindler's List blends the abject horror of the Holocaust with Steven Spielberg's signature tender humanism to create the director's dramatic masterpiece.,"Businessman Oskar Schindler (Liam Neeson) arrives in Krakow in 1939, ready to make his fortune from World War II, which... [More]","['Liam Neeson', ' Ben Kingsley', ' Ralph Fiennes', ' Caroline Goodall']"
7,https://www.rottentomatoes.com/m/apocalypse_now,['Francis Ford Coppola'],https://resizing.flixster.com/JeBaXZGgx3ozRy8qMNYXsmZVuOs=/fit-in/180x240/v2/https://resizing.flixster.com/-XZAfHZM39UwaGJIFWKAE8fS0ak=/v3/t/assets/p5545_p_v8_at.jpg,Apocalypse Now,1979,97%,"Francis Ford Coppola's haunting, hallucinatory Vietnam War epic is cinema at its most audacious and visionary.","In Vietnam in 1970, Captain Willard (Martin Sheen) takes a perilous and increasingly hallucinatory journey upriver to find and terminate... [More]","['Marlon Brando', ' Martin Sheen', ' Robert Duvall', ' Frederic Forrest']"
8,https://www.rottentomatoes.com/m/dr_strangelove,['Stanley Kubrick'],https://resizing.flixster.com/8N9vcOffBrqT47MzfxjqiMVir7g=/fit-in/180x240/v2/https://resizing.flixster.com/-XZAfHZM39UwaGJIFWKAE8fS0ak=/v3/t/assets/p1816_p_v8_aa.jpg,Dr. Strangelove Or: How I Learned to Stop Worrying and Love the Bomb,1964,98%,Stanley Kubrick's brilliant Cold War satire remains as funny and razor-sharp today as it was in 1964.,A film about what could happen if the wrong person pushed the wrong button -- and it played the situation... [More],"['Peter Sellers', ' George C. Scott', ' Keenan Wynn', ' Slim Pickens']"
9,https://www.rottentomatoes.com/m/all_quiet_on_the_western_front,['Lewis Milestone'],https://resizing.flixster.com/iVkPRD5rgxGvku3CwbAyPlTbrY0=/fit-in/180x240/v2/https://resizing.flixster.com/-XZAfHZM39UwaGJIFWKAE8fS0ak=/v3/t/assets/p593_p_v8_al.jpg,All Quiet on the Western Front,1930,98%,"Director Lewis Milestone's brilliant anti-war polemic, headlined by an unforgettable performance from Lew Ayres, lays bare the tragic foolishness at the heart of war.","The film follows a group of German schoolboys, talked into enlisting at the beginning of World War I by their... [More]","['Lew Ayres', ' Louis Wolheim', ' John Wray', ' Raymond Griffith']"
10,https://www.rottentomatoes.com/m/das_boot,['Wolfgang Petersen'],https://resizing.flixster.com/XFG7ixSNHTWj5k8KgPd5cnNJ8Zo=/fit-in/180x240/v2/https://resizing.flixster.com/-XZAfHZM39UwaGJIFWKAE8fS0ak=/v3/t/assets/p5549_p_v13_aw.jpg,Das Boot,1981,98%,"Taut, breathtakingly thrilling, and devastatingly intelligent, Das Boot is one of the greatest war films ever made.","A German submarine patrols the Atlantic Ocean during World War II, manned by a crew that must contend with tense... [More]","['Jürgen Prochnow', ' Herbert Grönemeyer', ' Klaus Wennemann', ' Hubertus Bengsch']"
11,https://www.rottentomatoes.com/m/the_hurt_locker,['Kathryn Bigelow'],https://resizing.flixster.com/zuAyQ9uz_A9GxiioPpb0FoA72IM=/fit-in/180x240/v2/https://resizing.flixster.com/-XZAfHZM39UwaGJIFWKAE8fS0ak=/v3/t/assets/p197175_p_v8_ah.jpg,The Hurt Locker,2008,96%,"A well-acted, intensely shot, action filled war epic, Kathryn Bigelow's The Hurt Locker is thus far the best of the recent dramatizations of the Iraq War.","Staff Sgt. William James (Jeremy Renner), Sgt. J.T. Sanborn (Anthony Mackie) and Specialist Owen Eldridge (Brian Geraghty) are members of... [More]","['Jeremy Renner', ' Anthony Mackie', ' Brian Geraghty', ' Guy Pearce']"
12,https://www.rottentomatoes.com/m/best_years_of_our_lives,['William Wyler'],https://resizing.flixster.com/syb0jFTD5OkAU9nd5H3KvzbB8MU=/fit-in/180x240/v2/https://resizing.flixster.com/-XZAfHZM39UwaGJIFWKAE8fS0ak=/v3/t/assets/p1312_p_v8_aa.jpg,The Best Years of Our Lives,1946,97%,"An engrossing look at the triumphs and travails of war veterans, The Best Years of Our Lives is concerned specifically with the aftermath of World War II, but its messages speak to the overall American experience.","Fred, Al and Homer are three World War II veterans facing difficulties as they re-enter civilian life. Fred (Dana Andrews)... [More]","['Fredric March', ' Myrna Loy', ' Dana Andrews', ' Teresa Wright']"
13,https://www.rottentomatoes.com/m/army_of_shadows,['Jean-Pierre Melville'],https://resizing.flixster.com/OHE1wtBWUHgBT9fL2BvHqiYvSo8=/fit-in/180x240/v2/https://resizing.flixster.com/-XZAfHZM39UwaGJIFWKAE8fS0ak=/v3/t/assets/p128211_p_v8_aa.jpg,Army of Shadows,1969,97%,"Originally made in 1969, this recently reissued classic is a masterful examination of the inner workings of the World War II resistance efforts.","This adaptation of the book by Joseph Kessel paints an understated, unglamorous portrait of the French Resistance during World World... [More]","['Lino Ventura', ' Paul Meurisse', ' Jean-Pierre Cassel', ' Paul Crauchet']"
14,https://www.rottentomatoes.com/m/la_grande_illusion,['Jean Renoir'],https://resizing.flixster.com/x5UJL0752rJaOEXSuD4t9uJa4SE=/fit-in/180x240/v2/https://resizing.flixster.com/-XZAfHZM39UwaGJIFWKAE8fS0ak=/v3/t/assets/p1115_p_v8_aa.jpg,Grand Illusion,1937,97%,"Jean Renoir's Grand Illusion is a masterful anti-war statement, bringing humane insight and an undercurrent of ironic humor to an unusual relationship between captor and captive.","A group of French soldiers, including the patrician Captain de Boeldieu (Pierre Fresnay) and the working-class Lieutenant Maréchal (Jean Gabin),... [More]","['Pierre Fresnay', ' Erich von Stroheim', ' Jean Gabin', ' Marcel Dalio']"
15,https://www.rottentomatoes.com/m/son_of_saul,['László Nemes'],https://resizing.flixster.com/rwYQE3tnfo-FEUztzaK8hgJnSLk=/fit-in/180x240/v2/https://resizing.flixster.com/pVRBxwHE9jpGvLzlkAWCf5mQwIc=/ems.cHJkLWVtcy1hc3NldHMvbW92aWVzLzc4YWJhZmM4LTg0MzMtNDdmNS04ZGNiLWE5NWQ3Y2VmZmE4MC53ZWJw,Son of Saul,2015,96%,"Grimly intense yet thoroughly rewarding, Son of Saul offers an unforgettable viewing experience -- and establishes director László Nemes as a talent to watch.","During World War II, a Jewish worker (Géza Röhrig) at the Auschwitz concentration camp tries to find a rabbi to... [More]","['Géza Röhrig', ' Kecske Molnár Levente', ' Todd Charmont', ' Sándor Zsótér']"
16,https://www.rottentomatoes.com/m/waltz_with_bashir,['Ari Folman'],https://resizing.flixster.com/jUxdAKTGDenubfFUspPg_u7Oqdc=/fit-in/180x240/v2/https://resizing.flixster.com/-XZAfHZM39UwaGJIFWKAE8fS0ak=/v3/t/assets/p187168_p_v8_ab.jpg,Waltz With Bashir,2008,97%,"A wholly innovative, original, and vital history lesson, with pioneering animation, Waltz With Bashir delivers its message about the Middle East in a mesmerizing fashion.","Israeli filmmaker Ari Folman wrote, directed and stars in this autobiographical animated film. As a 19-year-old infantry soldier in the... [More]","['Ron Ben-Yishai', ' Ronny Dayag', ' Ari Folman', ' Dror Harazi']"
17,https://www.rottentomatoes.com/m/71_2015,['Yann Demange'],https://resizing.flixster.com/H3ZUNtwryJel2Xncs5IaTug3V2E=/fit-in/180x240/v2/https://resizing.flixster.com/-XZAfHZM39UwaGJIFWKAE8fS0ak=/v3/t/assets/p10912522_p_v11_aq.jpg,'71,2014,96%,"Powerfully directed and acted, '71 stays true to its fact-based origins while remaining as gripping as any solidly crafted action thriller.",A young British soldier (Jack O'Connell) must find his way back to safety after his unit accidentally abandons him during... [More],"[""Jack O'Connell"", ' Paul Anderson', ' Sean Harris', ' Richard Dormer']"
18,https://www.rottentomatoes.com/m/bridge_on_the_river_kwai,['David Lean'],https://resizing.flixster.com/lW31BtoljSy_FDW94QhSNKNG-JE=/fit-in/180x240/v2/https://resizing.flixster.com/-XZAfHZM39UwaGJIFWKAE8fS0ak=/v3/t/NowShowing/10025/10025_aa.jpg,The Bridge on the River Kwai,1957,96%,"This complex war epic asks hard questions, resists easy answers, and boasts career-defining work from star Alec Guinness and director David Lean.",Adaptation of the Pierre Bouelle novel about POWs in Burma forced to build a bridge to aid the war effort... [More],"['William Holden', ' Alec Guinness', ' Sessue Hayakawa', ' Jack Hawkins']"
19,https://www.rottentomatoes.com/m/ran,['Akira Kurosawa'],https://resizing.flixster.com/UeByMY3PhWlLtVk7KUykdUQUnHY=/fit-in/180x240/v2/https://resizing.flixster.com/-XZAfHZM39UwaGJIFWKAE8fS0ak=/v3/t/NowShowing/24039/24039_aa.jpg,Ran,1985,96%,"Akira Kurosawa's sprawling, epic take on King Lear should be required viewing for fans of westerns, war movies, or period films in general.","At the age of seventy, after years of consolidating his empire, the Great Lord Hidetora Ichimonji (Tatsuya Nakadai) decides to... [More]","['Tatsuya Nakadai', ' Mieko Harada', ' Akira Terao', ' Jinpachi Nezu']"
20,https://www.rottentomatoes.com/m/paths_of_glory,['Stanley Kubrick'],https://resizing.flixster.com/xfyQ6qErqOC4-jDe96Qxjz42h0A=/fit-in/180x240/v2/https://resizing.flixster.com/-XZAfHZM39UwaGJIFWKAE8fS0ak=/v3/t/assets/p2007_p_v8_aa.jpg,Paths of Glory,1957,96%,"Paths of Glory is a transcendentally humane war movie from Stanley Kubrick, with impressive, protracted battle sequences and a knock-out ending.","During World War I, commanding officer General Broulard (Adolphe Menjou) orders his subordinate, General Mireau (George Macready), to attack a... [More]","['Kirk Douglas', ' Ralph Meeker', ' Adolphe Menjou', ' George Macready']"
21,https://www.rottentomatoes.com/m/to_be_or_not_to_be,['Ernst Lubitsch'],https://resizing.flixster.com/0vL5Vo8-tzPTCzcBXHzQA4CqIrE=/fit-in/180x240/v2/https://resizing.flixster.com/-XZAfHZM39UwaGJIFWKAE8fS0ak=/v3/t/assets/p1972_p_v8_aa.jpg,To Be or Not to Be,1942,96%,"A complex and timely satire with as much darkness as slapstick, Ernst Lubitsch's To Be or Not To Be delicately balances humor and ethics.",Acting couple Joseph (Jack Benny) and Maria Tura (Carole Lombard) are managing a theatrical troupe when the Nazis invade Poland.... [More],"['Carole Lombard', ' Jack Benny', ' Robert Stack', ' Felix Bressart']"
22,https://www.rottentomatoes.com/m/eye_in_the_sky,['Gavin Hood'],https://resizing.flixster.com/Z3YRj8wcfersCsIvkCed6FevZtk=/fit-in/180x240/v2/https://resizing.flixster.com/-XZAfHZM39UwaGJIFWKAE8fS0ak=/v3/t/assets/p12220690_p_v8_ac.jpg,Eye in the Sky,2015,95%,"As taut as it is timely, Eye in the Sky offers a powerfully acted -- and unusually cerebral -- spin on the modern wartime political thriller.",A lieutenant general (Alan Rickman) and a colonel (Helen Mirren) face political opposition after ordering a drone missile strike to... [More],"['Helen Mirren', ' Aaron Paul', ' Alan Rickman', ' Barkhad Abdi']"
23,https://www.rottentomatoes.com/m/pianist,['Roman Polanski'],https://resizing.flixster.com/Dt32gq9UFech7u66K84bJKBG3cc=/fit-in/180x240/v2/https://resizing.flixster.com/-XZAfHZM39UwaGJIFWKAE8fS0ak=/v3/t/assets/p30193_p_v8_ak.jpg,The Pianist,2002,95%,"Well-acted and dramatically moving, The Pianist is Polanski's best work in years.","In this adaptation of the autobiography ""The Pianist: The Extraordinary True Story of One Man's Survival in Warsaw, 1939-1945,"" Wladyslaw... [More]","['Adrien Brody', ' Thomas Kretschmann', ' Frank Finlay', ' Maureen Lipman']"
24,https://www.rottentomatoes.com/m/saving_private_ryan,['Steven Spielberg'],https://resizing.flixster.com/XVNAznyRbCLqsckGZpqtGCwAHcs=/fit-in/180x240/v2/https://resizing.flixster.com/e4XDrbw7Fd7VYePV7cxB8sQV3eA=/ems.cHJkLWVtcy1hc3NldHMvbW92aWVzLzc1MDczNGJlLWNjN2EtNGIxMS1iOWM5LWJjYTUwODk4MzA5Yy53ZWJw,Saving Private Ryan,1998,94%,"Anchored by another winning performance from Tom Hanks, Steven Spielberg's unflinchingly realistic war film virtually redefines the genre.","Captain John Miller (Tom Hanks) takes his men behind enemy lines to find Private James Ryan, whose three brothers have... [More]","['Tom Hanks', ' Edward Burns', ' Tom Sizemore', ' Jeremy Davies']"
25,https://www.rottentomatoes.com/m/lawrence_of_arabia,['David Lean'],https://resizing.flixster.com/b4Sfr2Gf3LZ2YRAjayoNwCDQsbM=/fit-in/180x240/v2/https://resizing.flixster.com/IAhICI6jQog3vLwyx_-XXZ39JjE=/ems.cHJkLWVtcy1hc3NldHMvbW92aWVzLzc0MmFhNDY4LTM2ZmUtNDFmYy1hZGYzLTRmYTZmOGE3MDc0MC5qcGc=,Lawrence of Arabia,1962,93%,"The epic of all epics, Lawrence of Arabia cements director David Lean's status in the filmmaking pantheon with nearly four hours of grand scope, brilliant performances, and beautiful cinematography.","Due to his knowledge of the native Bedouin tribes, British Lieutenant T.E. Lawrence (Peter O'Toole) is sent to Arabia to... [More]","[""Peter O'Toole"", ' Alec Guinness', ' Anthony Quinn', ' Omar Sharif']"
26,https://www.rottentomatoes.com/m/three_kings,['David O. Russell'],https://resizing.flixster.com/I03JTH6Sl4UerOk74cwNXwyHHDA=/fit-in/180x240/v2/https://resizing.flixster.com/-XZAfHZM39UwaGJIFWKAE8fS0ak=/v3/t/assets/p23929_p_v8_aa.jpg,Three Kings,1999,94%,"Three Kings successfully blends elements of action, drama, and comedy into a thoughtful, exciting movie on the Gulf War.","Just after the end of the Gulf War, four American soldiers decide to steal a cache of Saddam Hussein's hidden... [More]","['George Clooney', ' Mark Wahlberg', ' Ice Cube', ' Spike Jonze']"
27,https://www.rottentomatoes.com/m/1019544-spartacus,['Stanley Kubrick'],https://resizing.flixster.com/p81bPf7uLuHYBsiVV_AlGzkvi6Q=/fit-in/180x240/v2/https://resizing.flixster.com/-XZAfHZM39UwaGJIFWKAE8fS0ak=/v3/t/assets/p289_p_v8_ao.jpg,Spartacus,1960,94%,"Featuring terrific performances and epic action, Kubrick's restored swords-and-sandals epic is a true classic.","The rebellious Thracian Spartacus, born and raised a slave, is sold to Gladiator trainer Batiatus. After weeks of being trained... [More]","['Kirk Douglas', ' Laurence Olivier', ' Jean Simmons', ' Tony Curtis']"
28,https://www.rottentomatoes.com/m/the_great_escape,['John Sturges'],https://resizing.flixster.com/elATHbOpXciI1ta8ukk1n_06FZY=/fit-in/180x240/v2/https://resizing.flixster.com/-XZAfHZM39UwaGJIFWKAE8fS0ak=/v3/t/assets/p3150_p_v8_aj.jpg,The Great Escape,1963,94%,"With its impeccably slow-building story and a cast for the ages, The Great Escape is an all-time action classic.","Imprisoned during World War II in a German POW camp, a group of Allied soldiers are intent on breaking out,... [More]","['Steve McQueen', ' James Garner', ' Richard Attenborough', ' Charles Bronson']"
29,https://www.rottentomatoes.com/m/1008415-glory,['Edward Zwick'],https://resizing.flixster.com/g1TL6JLvHjroVuhZ8Ikf1YFnEKQ=/fit-in/180x240/v2/https://resizing.flixster.com/-XZAfHZM39UwaGJIFWKAE8fS0ak=/v3/t/assets/p12022_p_v8_aa.jpg,Glory,1989,95%,"Bolstered by exceptional cinematography, powerful storytelling, and an Oscar-winning performance by Denzel Washington, Glory remains one of the finest Civil War movies ever made.","Following the Battle of Antietam, Col. Robert Gould Shaw (Matthew Broderick) is offered command of the United States' first all-African-American... [More]","['Matthew Broderick', ' Denzel Washington', ' Morgan Freeman', ' Cary Elwes']"
30,https://www.rottentomatoes.com/m/no_mans_land,['Danis Tanovic'],https://resizing.flixster.com/3LMtMPuqKxfU6BsF-S2MIqjMut0=/fit-in/180x240/v2/https://resizing.flixster.com/-XZAfHZM39UwaGJIFWKAE8fS0ak=/v3/t/assets/p28366_p_v8_aa.jpg,No Man's Land,2001,93%,"Bleak and darkly humorous, No Man's Land vividly illustrates the absurdity of war.","Ciki (Branko Djuric) and Nino (Rene Bitorajac), a Bosnian and a Serb, are soldiers stranded in No Man's Land --... [More]","['Branko Djuric', ' Rene Bitorajac', ' Filip Sovagovic', ' Georges Siatidis']"
31,https://www.rottentomatoes.com/m/wonder_woman_2017,['Patty Jenkins'],https://resizing.flixster.com/ceWg-__cirAohZIhTwSmqsU310M=/fit-in/180x240/v2/https://resizing.flixster.com/EwkhPLrOoe17Akas804EJEbjy-Q=/ems.cHJkLWVtcy1hc3NldHMvbW92aWVzL2Q2MmJhMDFmLTA1ZmYtNDUzYi05YjU4LTllZTZjNTQyY2JlYS53ZWJw,Wonder Woman,2017,93%,"Thrilling, earnest, and buoyed by Gal Gadot's charismatic performance, Wonder Woman succeeds in spectacular fashion.","Before she was Wonder Woman (Gal Gadot), she was Diana, princess of the Amazons, trained to be an unconquerable warrior.... [More]","['Gal Gadot', ' Chris Pine', ' Connie Nielsen', ' Robin Wright']"
32,https://www.rottentomatoes.com/m/wings,['William A. Wellman'],https://resizing.flixster.com/8k-EJCv_HBuv3HYfEFjULpdGPvk=/fit-in/180x240/v2/https://resizing.flixster.com/-XZAfHZM39UwaGJIFWKAE8fS0ak=/v3/t/assets/p5240_p_v8_ac.jpg,Wings,1927,94%,"Subsequent war epics may have borrowed heavily from the original Best Picture winner, but they've all lacked Clara Bow's luminous screen presence and William Wellman's deft direction.","With World War I afoot, David Armstrong (Richard Arlen) and Jack Powell (Charles ""Buddy"" Rogers) join the military with an... [More]","['Clara Bow', ' Charles ""Buddy"" Rogers', ' Richard Arlen', ' Jobyna Ralston']"
33,https://www.rottentomatoes.com/m/1040678-last_of_the_mohicans,['Michael Mann'],https://resizing.flixster.com/Oly0Ljq20qxJ-v_0cKMV3V9ff2Q=/fit-in/180x240/v2/https://resizing.flixster.com/-XZAfHZM39UwaGJIFWKAE8fS0ak=/v3/t/assets/p14197_p_v12_an.jpg,The Last of the Mohicans,1992,88%,The Last of the Mohicans is a breathless romantic adventure that plays loose with James Fenimore Cooper's novel -- and comes out with a richer action movie for it.,"The last members of a dying Native American tribe, the Mohicans -- Uncas (Eric Schweig), his father Chingachgook (Russell Means),... [More]","['Daniel Day-Lewis', ' Madeleine Stowe', ' Russell Means', ' Eric Schweig']"
34,https://www.rottentomatoes.com/m/killing_fields,['Roland Joffé'],https://resizing.flixster.com/pfstZCgFB8M_pzShQvcixzo5mx8=/fit-in/180x240/v2/https://resizing.flixster.com/-XZAfHZM39UwaGJIFWKAE8fS0ak=/v3/t/assets/p8639_p_v8_aa.jpg,The Killing Fields,1984,93%,"Artfully composed, powerfully acted, and fueled by a powerful blend of anger and empathy, The Killing Fields is a career-defining triumph for director Roland Joffé and a masterpiece of cinema.","New York Times reporter Sydney Schanberg (Sam Waterston) is on assignment covering the Cambodian Civil War, with the help of... [More]","['Sam Waterston', ' Haing S. Ngor', ' John Malkovich', ' Julian Sands']"
35,https://www.rottentomatoes.com/m/dunkirk_2017,['Christopher Nolan'],https://resizing.flixster.com/ac3OgW7mpLUlbbXjUTrVf7919tU=/fit-in/180x240/v2/https://resizing.flixster.com/-XZAfHZM39UwaGJIFWKAE8fS0ak=/v3/t/assets/p13153578_p_v8_af.jpg,Dunkirk,2017,92%,"Dunkirk serves up emotionally satisfying spectacle, delivered by a writer-director in full command of his craft and brought to life by a gifted ensemble cast that honors the fact-based story.","In May 1940, Germany advanced into France, trapping Allied troops on the beaches of Dunkirk. Under air and ground cover... [More]","['Fionn Whitehead', ' Tom Glynn-Carney', ' Jack Lowden', ' Harry Styles']"
36,https://www.rottentomatoes.com/m/land_of_mine,['Martin Zandvliet'],https://resizing.flixster.com/yopzLH8pdauiyIhToNYaCgsGuag=/fit-in/180x240/v2/https://resizing.flixster.com/-XZAfHZM39UwaGJIFWKAE8fS0ak=/v3/t/assets/p12150047_p_v8_aq.jpg,Land of Mine,2015,92%,Land of Mine uses an oft-forgotten chapter from the aftermath of World War II to tell a hard-hitting story whose period setting belies its timeless observations about bloodshed and forgiveness.,A group of German POWs are forced to dig up millions of land mines with their bare hands.... [More],"['Roland Møller', ' Mikkel Boe Følsgaard', ' Laura Bro', ' Louis Hofmann']"
37,https://www.rottentomatoes.com/m/zero_dark_thirty,['Kathryn Bigelow'],https://resizing.flixster.com/p-_PBXgr8N-ZAvfsEwAB2_Moh1I=/fit-in/180x240/v2/https://resizing.flixster.com/-XZAfHZM39UwaGJIFWKAE8fS0ak=/v3/t/assets/p9400738_p_v8_az.jpg,Zero Dark Thirty,2012,91%,"Gripping, suspenseful, and brilliantly crafted, Zero Dark Thirty dramatizes the hunt for Osama bin Laden with intelligence and an eye for detail.","Following the terrorist attacks of Sept. 11, 2001, Osama bin Laden becomes one of the most-wanted men on the planet.... [More]","['Jessica Chastain', ' Jason Clarke', ' Joel Edgerton', ' Jennifer Ehle']"
38,https://www.rottentomatoes.com/m/letters_from_iwo_jima,['Clint Eastwood'],https://resizing.flixster.com/uSjUKp9P9vJ9WcKSfsezufUdx6Q=/fit-in/180x240/v2/https://resizing.flixster.com/-XZAfHZM39UwaGJIFWKAE8fS0ak=/v3/t/assets/p164369_p_v8_ae.jpg,Letters From Iwo Jima,2006,91%,"A powerfully humanistic portrayal of the perils of war, this companion piece to Flags of our Fathers is potent and thought-provoking, and it demonstrates Clint Eastwood's maturity as a director.",Long-buried missives from the island reveal the stories of the Japanese troops who fought and died there during World War... [More],"['Ken Watanabe', ' Kazunari Ninomiya', ' Tsuyoshi Ihara', ' Ryô Kase']"
39,https://www.rottentomatoes.com/m/stalag_17,['Billy Wilder'],https://resizing.flixster.com/Ocn0aIOxJFonX8yKkFx-j3dfiqM=/fit-in/180x240/v2/https://resizing.flixster.com/-XZAfHZM39UwaGJIFWKAE8fS0ak=/v3/t/assets/p887_p_v8_aa.jpg,Stalag 17,1953,91%,"Stalag 17 survives the jump from stage to screen with flying colors, thanks to Billy Wilder's typically sterling direction and a darkly funny script.","One night in 1944 in a German POW camp housing American airmen, two prisoners try to escape the compound and... [More]","['William Holden', ' Otto Preminger', ' Robert Strauss', ' Don Taylor']"
40,https://www.rottentomatoes.com/m/full_metal_jacket,['Stanley Kubrick'],https://resizing.flixster.com/T8EegdiNgsfNea-ibEsn8EthQzc=/fit-in/180x240/v2/https://resizing.flixster.com/-XZAfHZM39UwaGJIFWKAE8fS0ak=/v3/t/assets/p10114_p_v8_aa.jpg,Full Metal Jacket,1987,90%,"Intense, tightly constructed, and darkly comic at times, Stanley Kubrick's Full Metal Jacket may not boast the most original of themes, but it is exceedingly effective at communicating them.","Stanley Kubrick's take on the Vietnam War follows smart-aleck Private Davis (Matthew Modine), quickly christened ""Joker"" by his foul-mouthed drill... [More]","['Matthew Modine', ' Adam Baldwin', "" Vincent D'Onofrio"", ' R. Lee Ermey']"
41,https://www.rottentomatoes.com/m/1008074-gallipoli,['Peter Weir'],https://resizing.flixster.com/iFrtjgcvO7tgAsK0CNwmeENGzJQ=/fit-in/180x240/v2/https://resizing.flixster.com/-XZAfHZM39UwaGJIFWKAE8fS0ak=/v3/t/assets/p4054_p_v8_aa.jpg,Gallipoli,1981,91%,Peter Weir's devastating anti-war film features a low-key but emotionally wrenching performance from Mel Gibson as a young soldier fighting in one of World War I's most deadly and horrifying battles.,Archy (Mark Lee) and Frank (Mel Gibson) are two young Australian sprinters who want to join the army to fulfill... [More],"['Mark Lee', ' Mel Gibson', ' Bill Kerr', ' Ron Graham']"
42,https://www.rottentomatoes.com/m/all_quiet_on_the_western_front_2022,['Edward Berger'],https://resizing.flixster.com/6sqa_k4rmkQ5YsXgP7uILv46jPg=/fit-in/180x240/v2/https://resizing.flixster.com/Tv-nj_XzcvU5GZthFm-0xrSvvjo=/ems.cHJkLWVtcy1hc3NldHMvbW92aWVzLzljM2U3Mjk3LWExNzgtNGE2NS05OTMxLWVlZmU1NzNlZWM5MS5qcGc=,All Quiet on the Western Front,2022,90%,"Both timely and timeless, All Quiet on the Western Front retains the power of its classic source material by focusing on the futility of war.",All Quiet on the Western Front tells the gripping story of a young German soldier on the Western Front of... [More],"['Felix Kammerer', ' Albrecht Schuch', ' Aaron Hilmer', ' Moritz Klaus']"
43,https://www.rottentomatoes.com/m/the_imitation_game,['Morten Tyldum'],https://resizing.flixster.com/Q9C86qn22vquvJMZiSXaXFfX1S0=/fit-in/180x240/v2/https://resizing.flixster.com/-XZAfHZM39UwaGJIFWKAE8fS0ak=/v3/t/assets/p10771057_p_v12_av.jpg,The Imitation Game,2014,90%,"With an outstanding starring performance from Benedict Cumberbatch illuminating its fact-based story, The Imitation Game serves as an eminently well-made entry in the ""prestige biopic"" genre.","In 1939, newly created British intelligence agency MI6 recruits Cambridge mathematics alumnus Alan Turing (Benedict Cumberbatch) to crack Nazi codes,... [More]","['Benedict Cumberbatch', ' Keira Knightley', ' Matthew Goode', ' Rory Kinnear']"
44,https://www.rottentomatoes.com/m/rescue_dawn,['Werner Herzog'],https://resizing.flixster.com/XmKjzDAfQo2IRGwxPO34R93Hqsg=/fit-in/180x240/v2/https://resizing.flixster.com/-XZAfHZM39UwaGJIFWKAE8fS0ak=/v3/t/assets/p163879_p_v8_ap.jpg,Rescue Dawn,2006,90%,"Director Werner Herzog has once again made a compelling tale of man versus nature, and Christian Bale completely immerses himself in the role of fighter pilot (and prisoner of war) Dieter Dengler.","During the Vietnam War, Dieter Dengler (Christian Bale), a U.S. fighter pilot, is shot down over Laos and taken captive... [More]","['Christian Bale', ' Steve Zahn', ' Jeremy Davies', ' Galen Yuen']"
45,https://www.rottentomatoes.com/m/downfall,['Oliver Hirschbiegel'],https://resizing.flixster.com/FIJTU16sUUzENP6KcTw4v_essiw=/fit-in/180x240/v2/https://resizing.flixster.com/-XZAfHZM39UwaGJIFWKAE8fS0ak=/v3/t/assets/p35549_p_v8_aa.jpg,Downfall,2004,90%,"Downfall is an illuminating, thoughtful and detailed account of Hitler's last days.","In 1942, young Traudl Junge (Alexandra Maria Lara) lands her dream job -- secretary to Adolf Hitler (Bruno Ganz) at... [More]","['Bruno Ganz', ' Alexandra Maria Lara', ' Corinna Harfouch', ' Ulrich Matthes']"
46,https://www.rottentomatoes.com/m/wind_that_shakes_the_barley,['Ken Loach'],https://resizing.flixster.com/ArJLbqw5HXxkecY97-X_om3st5I=/fit-in/180x240/v2/https://resizing.flixster.com/-XZAfHZM39UwaGJIFWKAE8fS0ak=/v3/t/assets/p163570_p_v8_aa.jpg,The Wind That Shakes the Barley,2006,90%,"Bleak and uncompromising, but director Ken Loach brightens his film with gorgeous cinematography and tight pacing, and features a fine performance from Cillian Murphy.",In 1920s Ireland young doctor Damien O'Donovan (Cillian Murphy) prepares to depart for a new job in a London hospital.... [More],"['Cillian Murphy', ' Padraic Delaney', ' Liam Cunningham', ' Orla Fitzgerald']"
47,https://www.rottentomatoes.com/m/lebanon-2010,['Samuel Maoz'],https://resizing.flixster.com/Q6EYZMO42M80vYRxzMEHvEIx-ZE=/fit-in/180x240/v2/https://resizing.flixster.com/-XZAfHZM39UwaGJIFWKAE8fS0ak=/v3/t/assets/p8006465_p_v8_aa.jpg,Lebanon,2009,90%,"A powerful and personal account of war on the front line, writer-director Samuel Maoz takes the viewer inside an Israeli tank to deliver an exhausting, original film.",This tense war film focuses on a group of Israeli soldiers operating a tank in hostile territory during the 1982... [More],"['Yoav Donat', ' Itay Tiran', ' Oshri Cohen', ' Michael Moshonov']"
48,https://www.rottentomatoes.com/m/gone_with_the_wind,['Victor Fleming'],https://resizing.flixster.com/lWmozREK1Q2be3MBm5mvEwS45zA=/fit-in/180x240/v2/https://resizing.flixster.com/Grjhpv0wcwgi-uhfaC3QM8KFglY=/ems.cHJkLWVtcy1hc3NldHMvbW92aWVzLzdmOWE4MWFiLWVlOWMtNDA4Mi05OTA0LTRiNjMxNTEwMzk1MC5qcGc=,Gone With the Wind,1939,90%,Gone with the Wind's epic grandeur and romantic allure encapsulate an era of Hollywood filmmaking -- but that can't excuse a blinkered perspective that stands on the wrong side of history.,Winner of eight Academy Awards® (plus two special achievement Oscars) Celebrate the 85th Anniversary of one of the most celebrated... [More],"['Clark Gable', ' Vivien Leigh', ' Leslie Howard', ' Olivia de Havilland']"
49,https://www.rottentomatoes.com/m/patton,['Franklin J. Schaffner'],https://resizing.flixster.com/WXjDjSGnWA4cX6oAiH0yhSonF5g=/fit-in/180x240/v2/https://resizing.flixster.com/-XZAfHZM39UwaGJIFWKAE8fS0ak=/v3/t/assets/p4003_p_v8_aj.jpg,Patton,1970,91%,"George C. Scott's sympathetic, unflinching portrayal of the titular general in this sprawling epic is as definitive as any performance in the history of American biopics.","Biography of controversial World War II hero General George S. Patton. The film covers his wartime activities and accomplishments, beginning... [More]","['George C. Scott', ' Karl Malden', ' Michael Bates', ' Edward Binns']"
50,https://www.rottentomatoes.com/m/big_red_one,['Samuel Fuller'],https://resizing.flixster.com/RxWAgTLNsD9nqIKEUxJ2LV3JPrk=/fit-in/180x240/v2/https://resizing.flixster.com/-XZAfHZM39UwaGJIFWKAE8fS0ak=/v3/t/assets/p44_p_v8_aa.jpg,The Big Red One,1980,90%,The reconstruction of Samuel Fuller's epic account of his days in North Africa in World War II elevates the film into the pantheon of great war movies.,"Having previously fought in World War I, an unnamed sergeant (Lee Marvin) now leads soldiers of the U.S. First Infantry... [More]","['Lee Marvin', ' Mark Hamill', ' Robert Carradine', ' Bobby Di Cicco']"
51,https://www.rottentomatoes.com/m/inglourious_basterds,['Quentin Tarantino'],https://resizing.flixster.com/JkvEOuImG0P_N70SdAicyGUfZbQ=/fit-in/180x240/v2/https://resizing.flixster.com/-XZAfHZM39UwaGJIFWKAE8fS0ak=/v3/t/assets/p193875_p_v7_aq.jpg,Inglourious Basterds,2009,89%,"A classic Tarantino genre-blending thrill ride, Inglourious Basterds is violent, unrestrained, and thoroughly entertaining.",It is the first year of Germany's occupation of France. Allied officer Lt. Aldo Raine (Brad Pitt) assembles a team... [More],"['Brad Pitt', ' Mélanie Laurent', ' Christoph Waltz', ' Eli Roth']"
52,https://www.rottentomatoes.com/m/lincoln_2011,['Steven Spielberg'],https://resizing.flixster.com/emFV3ol6RG2fwSGLb-4RRBoecvk=/fit-in/180x240/v2/https://resizing.flixster.com/l3Wo9iTyQ0Z4F9TJBRZSBRe7ZEU=/ems.cHJkLWVtcy1hc3NldHMvbW92aWVzLzMwMDkyOGZjLTE2ZDAtNGM4My05YjQwLTI1NDc3NmFjOGRlMC5qcGc=,Lincoln,2012,90%,"Daniel Day-Lewis characteristically delivers in this witty, dignified portrait that immerses the audience in its world and entertains even as it informs.","With the nation embroiled in still another year with the high death count of Civil War, President Abraham Lincoln brings... [More]","['Daniel Day-Lewis', ' Sally Field', ' David Strathairn', ' Joseph Gordon-Levitt']"
53,https://www.rottentomatoes.com/m/platoon,['Oliver Stone'],https://resizing.flixster.com/DPSrNd5I5oP7rNOX4vD_G9YgyTI=/fit-in/180x240/v2/https://resizing.flixster.com/-XZAfHZM39UwaGJIFWKAE8fS0ak=/v3/t/assets/p9665_p_v10_au.jpg,Platoon,1986,89%,"Informed by director Oliver Stone's personal experiences in Vietnam, Platoon forgoes easy sermonizing in favor of a harrowing, ground-level view of war, bolstered by no-holds-barred performances from Charlie Sheen and Willem Dafoe.",Chris Taylor (Charlie Sheen) leaves his university studies to enlist in combat duty in Vietnam in 1967. Once he's on... [More],"['Tom Berenger', ' Willem Dafoe', ' Charlie Sheen', ' Forest Whitaker']"
54,https://www.rottentomatoes.com/m/good_morning_vietnam,['Barry Levinson'],https://resizing.flixster.com/FZok6RPZK7HsFsz1PNrIzBC9-uk=/fit-in/180x240/v2/https://resizing.flixster.com/-XZAfHZM39UwaGJIFWKAE8fS0ak=/v3/t/assets/p10544_p_v8_ak.jpg,"Good Morning, Vietnam",1987,90%,"A well-calibrated blend of manic comedy and poignant drama, Good Morning, Vietnam offers a captivating look at a wide range of Robin Williams' cinematic gifts.",Radio funny man Adrian Cronauer (Robin Williams) is sent to Vietnam to bring a little comedy back into the lives... [More],"['Robin Williams', ' Forest Whitaker', ' Tung Thanh Tran', ' Chintara Sukapatana']"
55,https://www.rottentomatoes.com/m/the_wind_rises,"['Hayao Miyazaki', ' Gary Rydstrom']",https://resizing.flixster.com/KuVf1Fkk6avjK70b4xB-3w2Z4ds=/fit-in/180x240/v2/https://resizing.flixster.com/rdaE-2g8ozNdGIwG8-zcgtRClsk=/ems.cHJkLWVtcy1hc3NldHMvbW92aWVzL2Y2ZWFiZTkzLTIzOGUtNGIwNC1iNGZmLWNjMGE1NGUwYzcwZS5qcGc=,The Wind Rises,2013,88%,The Wind Rises is a fittingly bittersweet swan song for director Hayao Miyazaki.,"A lifelong love of flight inspires Japanese aviation engineer Jiro Horikoshi, whose storied career includes the creation of the A-6M... [More]","['Joseph Gordon-Levitt', ' John Krasinski', ' Emily Blunt', ' Martin Short']"
56,https://www.rottentomatoes.com/m/1007931-from_here_to_eternity,['Fred Zinnemann'],https://resizing.flixster.com/-w7deUtNLy2H8dQZgA7y0B_sQqM=/fit-in/180x240/v2/https://resizing.flixster.com/-XZAfHZM39UwaGJIFWKAE8fS0ak=/v3/t/assets/p535_p_v8_aa.jpg,From Here to Eternity,1953,88%,"It has perhaps aged poorly, but this languidly paced WWII romance remains an iconic, well-acted film, featuring particularly strong performances from Burt Lancaster and Montgomery Clift.","At an Army barracks in Hawaii in the days preceding the attack on Pearl Harbor, lone-wolf soldier and boxing champion... [More]","['Burt Lancaster', ' Montgomery Clift', ' Deborah Kerr', ' Frank Sinatra']"
57,https://www.rottentomatoes.com/m/tangerines,['Zaza Urushadze'],https://resizing.flixster.com/p9EyVsgENxkqd-BgGbLktX5zFFo=/fit-in/180x240/v2/https://resizing.flixster.com/-XZAfHZM39UwaGJIFWKAE8fS0ak=/v3/t/assets/p10750064_p_v8_aa.jpg,Tangerines,2013,88%,Tangerines' impassioned message and the strong work of a solid cast more than make up for the movie's flawed narrative and uneven structure.,"During the war in Abkhazia, an Estonian man stays behind to harvest tangerines and cares for a wounded fighter.... [More]","['Mikheil Meskhi', ' Misha Meskhi', ' Giorgi Nakashidze', ' Elmo Nüganen']"
58,https://www.rottentomatoes.com/m/zero_motivation,['Talya Lavie'],https://resizing.flixster.com/U3RK5IKUNTnTHnunvIBH7UPN9DA=/fit-in/180x240/v2/https://resizing.flixster.com/-XZAfHZM39UwaGJIFWKAE8fS0ak=/v3/t/assets/p11060137_p_v8_ac.jpg,Zero Motivation,2014,88%,"Darkly funny and understatedly absurd, Zero Motivation is a refreshing addition to the canon of irreverent war comedies -- and an intriguing calling card for writer-director Talya Lavie.",Female Israeli soldiers are posted to a remote desert base and spend their time pushing paper until they can return... [More],"['Dana Ivgy', ' Nelly Tagar', ' Shani Klein', ' Heli Twito']"
59,https://www.rottentomatoes.com/m/1039575-1039575-midnight_clear,['Keith Gordon'],https://resizing.flixster.com/K6DenR02jI1-pLtOJMPTigOYG54=/fit-in/180x240/v2/https://resizing.flixster.com/-XZAfHZM39UwaGJIFWKAE8fS0ak=/v3/t/assets/p13871_p_v7_aa.jpg,A Midnight Clear,1992,88%,"Beautifully filmed and wonderfully acted, A Midnight Clear is a holiday war film in search of a wider audience.","In the winter of 1944, American soldiers led by Will Knott (Ethan Hawke) are assigned to capture a small squad... [More]","['Ethan Hawke', ' Peter Berg', ' Kevin Dillon', ' Arye Gross']"
60,https://www.rottentomatoes.com/m/the_deer_hunter,['Michael Cimino'],https://resizing.flixster.com/F6NhzGnI1UUf0zX9gDz848ACgzk=/fit-in/180x240/v2/https://resizing.flixster.com/-XZAfHZM39UwaGJIFWKAE8fS0ak=/v3/t/assets/p4367_p_v12_bj.jpg,The Deer Hunter,1978,86%,"Its greatness is blunted by its length and one-sided point of view, but the film's weaknesses are overpowered by Michael Cimino's sympathetic direction and a series of heartbreaking performances from Robert De Niro, Meryl Streep, and Christopher Walken.","In 1968, Michael (Robert De Niro), Nick (Christopher Walken) and Steven (John Savage), lifelong friends from a working-class Pennsylvania steel... [More]","['Robert De Niro', ' Christopher Walken', ' John Savage', ' John Cazale']"
61,https://www.rottentomatoes.com/m/english_patient,['Anthony Minghella'],https://resizing.flixster.com/p7n3GxZLD5Q2hBMnV40IxleQv2k=/fit-in/180x240/v2/https://resizing.flixster.com/-XZAfHZM39UwaGJIFWKAE8fS0ak=/v3/t/assets/p18698_p_v13_aj.jpg,The English Patient,1996,86%,"Though it suffers from excessive length and ambition, director Minghella's adaptation of the Michael Ondaatje novel is complex, powerful, and moving.",The sweeping expanses of the Sahara are the setting for a passionate love affair in this adaptation of Michael Ondaatje's... [More],"['Ralph Fiennes', ' Juliette Binoche', ' Willem Dafoe', ' Kristin Scott Thomas']"
62,https://www.rottentomatoes.com/m/courage_under_fire,['Edward Zwick'],https://resizing.flixster.com/OqCda78nCTce_6dglt8A5q_ilUw=/fit-in/180x240/v2/https://resizing.flixster.com/-XZAfHZM39UwaGJIFWKAE8fS0ak=/v3/t/assets/p18172_p_v8_aa.jpg,Courage Under Fire,1996,86%,An emotional and intriguing tale of a military officer who must review the merits of a fallen officer while confronting his own war demons. Effectively depicts the terrors of war as well as its heartbreaking aftermath.,"During the 1991 Gulf War, Lieutenant Colonel Nathaniel Serling (Denzel Washington) accidentally caused a friendly fire incident, a mistake that... [More]","['Denzel Washington', ' Meg Ryan', ' Lou Diamond Phillips', ' Michael Moriarty']"
63,https://www.rottentomatoes.com/m/born_on_the_fourth_of_july,['Oliver Stone'],https://resizing.flixster.com/fo5z0-LQajy_eCvKix0C6bV_HEk=/fit-in/180x240/v2/https://resizing.flixster.com/-XZAfHZM39UwaGJIFWKAE8fS0ak=/v3/t/assets/p12039_p_v8_ag.jpg,Born on the Fourth of July,1989,84%,"Led by an unforgettable performance from Tom Cruise, Born on the Fourth of July finds director Oliver Stone tackling thought-provoking subject matter with ambitious élan.","In the mid 1960s, suburban New York teenager Ron Kovic (Tom Cruise) enlists in the Marines, fulfilling what he sees... [More]","['Tom Cruise', ' Willem Dafoe', ' Kyra Sedgwick', ' Raymond J. Barry']"
64,https://www.rottentomatoes.com/m/master_and_commander_the_far_side_of_the_world,['Peter Weir'],https://resizing.flixster.com/cS9-bHLi4HIduvtGXUpf0Jz97Ts=/fit-in/180x240/v2/https://resizing.flixster.com/-XZAfHZM39UwaGJIFWKAE8fS0ak=/v3/t/assets/p31335_p_v8_ab.jpg,Master and Commander: The Far Side of the World,2003,85%,Russell Crowe's rough charm is put to good use in this masterful adaptation of Patrick O'Brian's novel.,"In 1805, aboard the H.M.S. Surprise, the brash Captain Jack Aubrey (Russell Crowe) and his trusted friend, the ship's scholarly... [More]","['Russell Crowe', ' Paul Bettany', ' Billy Boyd', "" James D'Arcy""]"
65,https://www.rottentomatoes.com/m/hacksaw_ridge,['Mel Gibson'],https://resizing.flixster.com/2k5odPugUgd28UTaskHSfi6zAXI=/fit-in/180x240/v2/https://resizing.flixster.com/fqHoVM9U_V4nCyJ2011Tjmrw-Bk=/ems.cHJkLWVtcy1hc3NldHMvbW92aWVzLzM3MGVkZTFlLTZmNWMtNDgwYS04NjFlLTg3OWE3OWU5MDk2YS53ZWJw,Hacksaw Ridge,2016,84%,"Hacksaw Ridge uses a real-life pacifist's legacy to lay the groundwork for a gripping wartime tribute to faith, valor, and the courage of remaining true to one's convictions.","The true story of Pfc. Desmond T. Doss (Andrew Garfield), who won the Congressional Medal of Honor despite refusing to... [More]","['Andrew Garfield', ' Sam Worthington', ' Luke Bracey', ' Teresa Palmer']"
66,https://www.rottentomatoes.com/m/mash,['Robert Altman'],https://resizing.flixster.com/uIBFL26Y6h9IZtZJIDS135UP1uw=/fit-in/180x240/v2/https://resizing.flixster.com/-XZAfHZM39UwaGJIFWKAE8fS0ak=/v3/t/assets/p1987_p_v8_ad.jpg,M*A*S*H,1970,84%,"Bold, timely, subversive, and above all funny, M*A*S*H remains a high point in Robert Altman's distinguished filmography.","Based on the novel by Richard Hooker, ""M*A*S*H"" follows a group of Mobile Army Surgical Hospital officers at they perform... [More]","['Donald Sutherland', ' Elliott Gould', ' Sally Kellerman', ' Tom Skerritt']"
67,https://www.rottentomatoes.com/m/1006037-doctor_zhivago,['David Lean'],https://resizing.flixster.com/t4dyeMNxOLBcp1w-hVONJV-On_E=/fit-in/180x240/v2/https://resizing.flixster.com/-XZAfHZM39UwaGJIFWKAE8fS0ak=/v3/t/assets/p378_p_v8_af.jpg,Doctor Zhivago,1965,82%,"It may not be the best of David Lean's epics, but Dr. Zhivago is still brilliantly photographed and sweepingly romantic.","During the Russian Revolution, Yuri Zhivago (Omar Sharif), is a young doctor who has been raised by his aunt and... [More]","['Omar Sharif', ' Julie Christie', ' Geraldine Chaplin', ' Tom Courtenay']"
68,https://www.rottentomatoes.com/m/operation_mincemeat,['John Madden'],https://resizing.flixster.com/PzhM10J3hAEK-Gz9862etHpeq9o=/fit-in/180x240/v2/https://resizing.flixster.com/vKk0wzhbkL2FoAqRdiR4CwMWk5Y=/ems.cHJkLWVtcy1hc3NldHMvbW92aWVzLzVkNjQ3YjU5LTA3ODctNGUyZi1hZjg2LTgyMzg5ZjE4NTYwMy5qcGc=,Operation Mincemeat,2021,83%,"If its fact-based story proves more fascinatingly outlandish than it's presented here, Operation Mincemeat remains an engaging and well-acted wartime drama.","It's 1943. The Allies are determined to break Hitler's grip on occupied Europe, and plan an all-out assault on Sicily;... [More]","['Colin Firth', ' Matthew Macfadyen', ' Kelly Macdonald', ' Penelope Wilton']"
69,https://www.rottentomatoes.com/m/atonement,['Joe Wright'],https://resizing.flixster.com/xEcC3r0JZrdSNKBFcnlpxlDEfKQ=/fit-in/180x240/v2/https://resizing.flixster.com/-XZAfHZM39UwaGJIFWKAE8fS0ak=/v3/t/assets/p167496_p_v8_am.jpg,Atonement,2007,83%,"Atonement features strong performances, brilliant cinematography, and a unique score. Featuring deft performances from James MacAvoy and Keira Knightley, it's a successful adaptation of Ian McEwan's novel.","This sweeping English drama, based on the book by Ian McEwan, follows the lives of young lovers Cecilia Tallis (Keira... [More]","['James McAvoy', ' Keira Knightley', ' Romola Garai', ' Saoirse Ronan']"
70,https://www.rottentomatoes.com/m/casualties_of_war,['Brian De Palma'],https://resizing.flixster.com/UvVtRZh7NrYbGeTysTKuE9lMPDo=/fit-in/180x240/v2/https://resizing.flixster.com/-XZAfHZM39UwaGJIFWKAE8fS0ak=/v3/t/assets/p11783_p_v8_al.jpg,Casualties of War,1989,84%,Casualties of War takes a harrowing plunge into the Vietnam War with a well-acted ensemble piece that ranks among director Brian De Palma's more mature efforts.,Pvt. Max Eriksson (Michael J. Fox) is stationed in Vietnam under Sgt. Tony Meserve (Sean Penn). Though Meserve saves Eriksson's... [More],"['Michael J. Fox', ' Sean Penn', ' Don Harvey', ' John C. Reilly']"
71,https://www.rottentomatoes.com/m/dirty_dozen,['Robert Aldrich'],https://resizing.flixster.com/G6i0rsFyPE5pX-d7mhprReIXf_Y=/fit-in/180x240/v2/https://resizing.flixster.com/-XZAfHZM39UwaGJIFWKAE8fS0ak=/v3/t/assets/p4885_v_v7_ab.jpg,The Dirty Dozen,1967,81%,"Amoral on the surface and exuding testosterone, The Dirty Dozen utilizes combat and its staggering cast of likable scoundrels to deliver raucous entertainment.","As D-Day approaches, Colonel Breed hands the roguish Major Reisman (Lee Marvin) an important assignment: He must train a team... [More]","['Lee Marvin', ' Ernest Borgnine', ' Charles Bronson', ' Jim Brown']"
72,https://www.rottentomatoes.com/m/captain_america_the_first_avenger,['Joe Johnston'],https://resizing.flixster.com/ljLrpTy3USzTTB6Q21Fztrpz3Uc=/fit-in/180x240/v2/https://resizing.flixster.com/DPxL1sG2snpcMbqGJc67YGTrjlM=/ems.cHJkLWVtcy1hc3NldHMvbW92aWVzL2JmZTdkNDA5LTA5NzktNGE3OC04ODE2LTJlOTBkYTA3MDY2NS5qcGc=,Captain America: The First Avenger,2011,80%,"With plenty of pulpy action, a pleasantly retro vibe, and a handful of fine performances, Captain America is solidly old-fashioned blockbuster entertainment.",It is 1941 and the world is in the throes of war. Steve Rogers (Chris Evans) wants to do his... [More],"['Chris Evans', ' Hayley Atwell', ' Sebastian Stan', ' Tommy Lee Jones']"
73,https://www.rottentomatoes.com/m/1084146-thin_red_line,['Terrence Malick'],https://resizing.flixster.com/9GazhkvQ3qzdlk-qu6E8hzz6E_g=/fit-in/180x240/v2/https://resizing.flixster.com/-XZAfHZM39UwaGJIFWKAE8fS0ak=/v3/t/assets/p22250_p_v12_aq.jpg,The Thin Red Line,1998,80%,The Thin Red Line is a daringly philosophical World War II film with an enormous cast of eager stars.,"In 1942, Private Witt (Jim Caviezel) is a U.S. Army absconder living peacefully with the locals of a small South... [More]","['Sean Penn', ' Adrien Brody', ' Jim Caviezel', ' Ben Chaplin']"
74,https://www.rottentomatoes.com/m/1084398-life_is_beautiful,['Roberto Benigni'],https://resizing.flixster.com/RYM7GEsUa8ryOSReM7m1W5yCrgc=/fit-in/180x240/v2/https://resizing.flixster.com/-XZAfHZM39UwaGJIFWKAE8fS0ak=/v3/t/assets/p22005_p_v8_aa.jpg,Life Is Beautiful,1997,81%,"Benigni's earnest charm, when not overstepping its bounds into the unnecessarily treacly, offers the possibility of hope in the face of unflinching horror.","A gentle Jewish-Italian waiter, Guido Orefice (Roberto Benigni), meets Dora (Nicoletta Braschi), a pretty schoolteacher, and wins her over with... [More]","['Roberto Benigni', ' Nicoletta Braschi', ' Giorgio Cantarini', ' Giustino Durano']"
75,https://www.rottentomatoes.com/m/devotion_2022,['J.D. Dillard'],https://resizing.flixster.com/OLzkh-sDAkdE4RCwEUOY4GLfjvc=/fit-in/180x240/v2/https://resizing.flixster.com/bewkINYSfH_9LYdcxDC2LNLEbQA=/ems.cHJkLWVtcy1hc3NldHMvbW92aWVzL2I3NTc0OTI3LTgzNDQtNGE1MS1iMDMzLTk5OWQ2MjU0NmUzNC5qcGc=,Devotion,2022,80%,"Honoring real-life history while delivering impactful drama, Devotion is a straightforward biopic elevated by standout performances from a talented cast.","Devotion, an aerial war epic based on the bestselling book of the same name, tells the harrowing true story of... [More]","['Glen Powell', ' Jonathan Majors', ' Joe Jonas', ' Christina Jackson']"
76,https://www.rottentomatoes.com/m/che_part_two,['Steven Soderbergh'],https://resizing.flixster.com/iLm3pCOS-EToct6B-SzZXvs-Y2M=/fit-in/180x240/v2/https://resizing.flixster.com/-XZAfHZM39UwaGJIFWKAE8fS0ak=/v3/t/assets/p191630_p_v8_ap.jpg,Che: Part Two,2008,79%,"The second part of Soderbergh's biopic is a dark, hypnotic and sometimes frustrating portrait of a warrior in decline, with a terrific central performance from Del Toro.","Seven years after his triumph in Cuba, Che (Benicio del Toro) winds up in Bolivia, where he tries to ignite... [More]","['Benicio del Toro', ' Demián Bichir', ' Santiago Cabrera', ' Elvira Mínguez']"
77,https://www.rottentomatoes.com/m/greyhound,['Aaron Schneider'],https://resizing.flixster.com/3AWzULYOKQXOdXZdz8w3578039g=/fit-in/180x240/v2/https://resizing.flixster.com/AYi9IiSUGR7hKDvXwSiCCCNwvlA=/ems.cHJkLWVtcy1hc3NldHMvbW92aWVzLzJhNzBiY2NjLTZjODctNGUwZi1iZGM5LTViNTlmODJjMWVmMC5wbmc=,Greyhound,2020,78%,"Greyhound's characters aren't as robust as its action sequences, but this fast-paced World War II thriller benefits from its efficiently economical approach.",U.S. Navy Cmdr. Ernest Krause is assigned to lead an Allied convoy across the Atlantic during World War II. His... [More],"['Tom Hanks', ' Stephen Graham', ' Elisabeth Shue', ' Rob Morgan']"
78,https://www.rottentomatoes.com/m/a_very_long_engagement_2004,['Jean-Pierre Jeunet'],https://resizing.flixster.com/Z_1qb6w4x3JVJDOK0YT8-NmB9UE=/fit-in/180x240/v2/https://resizing.flixster.com/-XZAfHZM39UwaGJIFWKAE8fS0ak=/v3/t/assets/p35149_p_v8_ag.jpg,A Very Long Engagement,2004,79%,A well-crafted and visually arresting drama with a touch of whimsy.,Mathilde (Audrey Tautou) is told that her fiancé (Gaspard Ulliel) has been killed in World War I. She refuses to... [More],"['Audrey Tautou', ' Gaspard Ulliel', ' Jean-Pierre Becker', ' Dominique Bettenfeld']"
79,https://www.rottentomatoes.com/m/michael_collins,['Neil Jordan'],https://resizing.flixster.com/_PQoBx9bcBfuUU1_vQKuzt6tmDU=/fit-in/180x240/v2/https://resizing.flixster.com/-XZAfHZM39UwaGJIFWKAE8fS0ak=/v3/t/assets/p18428_p_v8_ak.jpg,Michael Collins,1996,78%,"As impressively ambitious as it is satisfyingly impactful, Michael Collins honors its subject's remarkable achievements with a magnetic performance from Liam Neeson in the title role.","In the early 20th century, Michael Collins (Liam Neeson) leads the Irish Republican Army with the help of his friends... [More]","['Liam Neeson', ' Aidan Quinn', ' Stephen Rea', ' Alan Rickman']"
80,https://www.rottentomatoes.com/m/black_hawk_down,['Ridley Scott'],https://resizing.flixster.com/5O6sdaaB4KADcpzs1ZFNbHIhtts=/fit-in/180x240/v2/https://resizing.flixster.com/-XZAfHZM39UwaGJIFWKAE8fS0ak=/v3/t/assets/p28873_p_v8_aj.jpg,Black Hawk Down,2001,77%,"Though it's light on character development and cultural empathy, Black Hawk Down is a visceral, pulse-pounding portrait of war, elevated by Ridley Scott's superb technical skill.",The film takes place in 1993 when the U.S. sent special forces into Somalia to destabilize the government and bring... [More],"['Josh Hartnett', ' Ewan McGregor', ' Tom Sizemore', ' Eric Bana']"
81,https://www.rottentomatoes.com/m/fury_2015,['David Ayer'],https://resizing.flixster.com/AF_c4-7ItztOJ05ngLs-YTggYhY=/fit-in/180x240/v2/https://resizing.flixster.com/-XZAfHZM39UwaGJIFWKAE8fS0ak=/v3/t/assets/p10731391_p_v8_af.jpg,Fury,2014,76%,"Overall, Fury is a well-acted, suitably raw depiction of the horrors of war that offers visceral battle scenes but doesn't quite live up to its larger ambitions.","In April 1945, the Allies are making their final push in the European theater. A battle-hardened Army sergeant named Don... [More]","['Brad Pitt', ' Shia LaBeouf', ' Logan Lerman', ' Michael Peña']"
82,https://www.rottentomatoes.com/m/black_book,['Paul Verhoeven'],https://resizing.flixster.com/bV0qwrSOHLwnWXgQK1K-8kONZk0=/fit-in/180x240/v2/https://resizing.flixster.com/-XZAfHZM39UwaGJIFWKAE8fS0ak=/v3/t/assets/p164189_p_v12_ai.jpg,Black Book,2006,77%,"A furious mix of sex, violence, and moral relativism, Black Book is shamelessly entertaining melodrama.","After narrowly escaping death, young Rachel Rosenthal (Carice van Houten) becomes part of the Jewish resistance, assuming the name Ellis... [More]","['Carice van Houten', ' Sebastian Koch', ' Thom Hoffman', ' Halina Reijn']"
83,https://www.rottentomatoes.com/m/good_kill,['Andrew Niccol'],https://resizing.flixster.com/ZVYMkp39xjkfQSO4WpnJ95b1XSI=/fit-in/180x240/v2/https://resizing.flixster.com/-XZAfHZM39UwaGJIFWKAE8fS0ak=/v3/t/assets/p11580133_p_v8_aa.jpg,Good Kill,2014,75%,"Thought-provoking, timely, and anchored by a strong performance from Ethan Hawke, Good Kill is a modern war movie with a troubled conscience.",An Air Force drone pilot (Ethan Hawke) begins to question the ethics of dropping bombs on Afghanistan from the safety... [More],"['Ethan Hawke', ' January Jones', ' Bruce Greenwood', ' Zoë Kravitz']"
84,https://www.rottentomatoes.com/m/empire_of_the_sun,['Steven Spielberg'],https://resizing.flixster.com/XJwoz4vZNgFF4xM-Kq39CmFm0Eo=/fit-in/180x240/v2/https://resizing.flixster.com/-XZAfHZM39UwaGJIFWKAE8fS0ak=/v3/t/assets/p10487_p_v8_ay.jpg,Empire of the Sun,1987,77%,"One of Steven Spielberg's most ambitious efforts of the 1980s, Empire of the Sun remains an underrated gem in the director's distinguished filmography.","Jamie Graham (Christian Bale), a privileged English boy, is living in Shanghai when the Japanese invade and force all foreigners... [More]","['Christian Bale', ' John Malkovich', ' Miranda Richardson', ' Nigel Havers']"
85,https://www.rottentomatoes.com/m/war_horse,['Steven Spielberg'],https://resizing.flixster.com/wFnHML6awkaG0EzEJbBPO59VIps=/fit-in/180x240/v2/https://resizing.flixster.com/-XZAfHZM39UwaGJIFWKAE8fS0ak=/v3/t/assets/p8618532_p_v8_ae.jpg,War Horse,2011,75%,"Technically superb, proudly sentimental, and unabashedly old-fashioned, War Horse is an emotional drama that tugs the heartstrings with Spielberg's customary flair.","Albert (Jeremy Irvine) and his beloved horse, Joey, live on a farm in the British countryside. At the outbreak of... [More]","['Emily Watson', ' David Thewlis', ' Jeremy Irvine', ' Peter Mullan']"
86,https://www.rottentomatoes.com/m/lone_survivor,['Peter Berg'],https://resizing.flixster.com/mEx8_VxaAhz3l6f3MyCDLBkz_zw=/fit-in/180x240/v2/https://resizing.flixster.com/-XZAfHZM39UwaGJIFWKAE8fS0ak=/v3/t/NowShowing/129685/129685_aa.jpg,Lone Survivor,2013,75%,"A true account of military courage and survival, Lone Survivor wields enough visceral power to mitigate its heavy-handed jingoism.","In 2005 Afghanistan, Navy SEALs Marcus Luttrell (Mark Wahlberg), Michael Murphy (Taylor Kitsch), Danny Dietz (Emile Hirsch) and Matthew ""Axe""... [More]","['Mark Wahlberg', ' Taylor Kitsch', ' Eric Bana', ' Emile Hirsch']"
87,https://www.rottentomatoes.com/m/1065684-braveheart,['Mel Gibson'],https://resizing.flixster.com/Zts8ZniFVMUPo0oOcVfB4ulc_kE=/fit-in/180x240/v2/https://resizing.flixster.com/-XZAfHZM39UwaGJIFWKAE8fS0ak=/v3/t/assets/p16782_p_v12_au.jpg,Braveheart,1995,76%,"Distractingly violent and historically dodgy, Mel Gibson's Braveheart justifies its epic length by delivering enough sweeping action, drama, and romance to match its ambition.",Tells the story of the legendary thirteenth century Scottish hero named William Wallace (Mel Gibson). Wallace rallies the Scottish against... [More],"['Mel Gibson', ' Sophie Marceau', ' Patrick McGoohan', ' Catherine McCormack']"
88,https://www.rottentomatoes.com/m/joyeux_noel,['Christian Carion'],https://resizing.flixster.com/0b9Ry4pyYtpPM5zlU5dD3R_Td5M=/fit-in/180x240/v2/https://resizing.flixster.com/-XZAfHZM39UwaGJIFWKAE8fS0ak=/v3/t/assets/p159822_p_v8_ab.jpg,Merry Christmas,2005,74%,The poignant humanity on display in Joyeux Noel makes its sentimentality forgivable.,"With the advent of World War I, Europe is thrown into a brutal and vicious chaos as men are forced... [More]","['Diane Kruger', ' Benno Fürmann', ' Guillaume Canet', ' Gary Lewis']"
89,https://www.rottentomatoes.com/m/flags_of_our_fathers,['Clint Eastwood'],https://resizing.flixster.com/dGx1eI2CAmHo3TWg_lFg-KeJcVk=/fit-in/180x240/v2/https://resizing.flixster.com/-XZAfHZM39UwaGJIFWKAE8fS0ak=/v3/t/assets/p161886_p_v8_ab.jpg,Flags of Our Fathers,2006,76%,"Flags of Our Fathers is both a fascinating look at heroism, both earned and manufactured, and a well-filmed salute to the men who fought at the battle of Iwo Jima.","In February and March of 1945, U.S. troops fight and win one of the most crucial and costly battles of... [More]","['Ryan Phillippe', ' Jesse Bradford', ' Adam Beach', ' John Benjamin Hickey']"
90,https://www.rottentomatoes.com/m/american_sniper,['Clint Eastwood'],https://resizing.flixster.com/LA7FPG4BNNGuVacO4_jSUZDPz5g=/fit-in/180x240/v2/https://resizing.flixster.com/-XZAfHZM39UwaGJIFWKAE8fS0ak=/v3/t/assets/p10991238_p_v8_ay.jpg,American Sniper,2014,72%,"Powered by Clint Eastwood's sure-handed direction and a gripping central performance from Bradley Cooper, American Sniper delivers a tense, vivid tribute to its real-life subject.",U.S. Navy SEAL Chris Kyle (Bradley Cooper) takes his sole mission -- protect his comrades -- to heart and becomes... [More],"['Bradley Cooper', ' Sienna Miller', ' Jake McDorman', ' Luke Grimes']"
91,https://www.rottentomatoes.com/m/henry_v_1946,['Laurence Olivier'],https://resizing.flixster.com/Ydijf-0vhpQz1kaaqb7SCn1w3dY=/fit-in/180x240/v2/https://resizing.flixster.com/-XZAfHZM39UwaGJIFWKAE8fS0ak=/v3/t/assets/p8964_p_v8_aa.jpg,Henry V,1945,100%,"A patriotic booster, Laurence Olivier's directorial debut and star turn as Henry V result in a sharply realized and resonant take on Shakespeare's deeply British warrior king.","Olivier's masterful, sweeping rendition of Shakespeare, filmed in rich color and ingeniously including a typical performance at the Globe Theatre... [More]","['Laurence Olivier', ' Robert Newton', ' Renée Asherson', ' Leslie Banks']"
92,https://www.rottentomatoes.com/m/ivans_childhood,['Andrei Tarkovsky'],https://resizing.flixster.com/aLSk3OdiKzPV6KclFB7a1BP6fRA=/fit-in/180x240/v2/https://resizing.flixster.com/-XZAfHZM39UwaGJIFWKAE8fS0ak=/v3/t/assets/p11050_p_v8_ab.jpg,Ivan's Childhood,1963,100%,"Ostensibly an atypical Tarkovsky work (less than 100 minutes!), Ivan's Childhood carries the poetry and passion that would characterize the director from here on.","When Nazi invaders destroy his Russian village and kill his family, 12-year-old Ivan (Kolya Burlyayev) is placed in a German... [More]","['Nikolay Burlyaev', ' Valentin Zubkov', ' Evgeniy Zharikov', ' Stepan Krylov']"
93,https://www.rottentomatoes.com/m/the_forgotten_battle,['Matthijs van Heijningen Jr.'],https://resizing.flixster.com/T9Pmf0z46s2I8KaU2bvTM4MibZQ=/fit-in/180x240/v2/https://resizing.flixster.com/GO-5E_J3kAqKDCbg_W8uWvA5Uh0=/ems.cHJkLWVtcy1hc3NldHMvbW92aWVzL2YxOGRlNWU3LWM4OWItNDM1NC04NDU3LTY5MmRiY2MxODQxOS5qcGc=,The Forgotten Battle,2020,100%,No consensus yet.,"November 1944. On the flooded island of Walcheren in Zeeland, thousands of allies fight the German army. Touching three young... [More]","['Gijs Blom', ' Jamie Flatters', ' Susan Radder', ' Jan Bijvoet']"
94,https://www.rottentomatoes.com/m/narvik,['Erik Skjoldbjærg'],https://resizing.flixster.com/vqoM0eczRS_aF8kfLr6LVbudIQ0=/fit-in/180x240/v2/https://resizing.flixster.com/NDKcwTHxuVeJwej8mVkLwmJdbi8=/ems.cHJkLWVtcy1hc3NldHMvbW92aWVzLzk1NmJiNzQ4LTk2ZWQtNGJiMi04MWRjLTAyYzdmNGJmZDQzZC5qcGc=,Narvik,2022,100%,No consensus yet.,"In April, 1940, the eyes of the world are on Narvik, a small town in northern Norway, a source of... [More]","['Billy Campbell', ' Stig Henrik Hoff', ' Henrik Mestad', ' Benjamin Noble']"
95,https://www.rottentomatoes.com/m/come_and_see,['Elem Klimov'],https://resizing.flixster.com/nR0uHs2fF3RVa1YYLXDFMxU00oo=/fit-in/180x240/v2/https://resizing.flixster.com/71YNJWXl8ds8t0mazmlxlsQuMws=/ems.cHJkLWVtcy1hc3NldHMvbW92aWVzLzBjMGU5NDJmLWZlNTQtNDcyNy1iY2E4LWRmNDM0N2M1NjdjYy5qcGc=,Come and See,1985,90%,"As effectively anti-war as movies can be, Come and See is a harrowing odyssey through the worst that humanity is capable of, directed with bravura intensity by Elem Klimov.",The invasion of a village in Byelorussia by German forces sends young Florya (Aleksey Kravchenko) into the forest to join... [More],"['Aleksey Kravchenko', ' Olga Mironova', ' Liubomiras Laucevicius', ' Vladas Bagdonas']"
96,https://www.rottentomatoes.com/m/major_dundee,['Sam Peckinpah'],https://resizing.flixster.com/IcSItJpwzMwOBasXuavmFLxeFD4=/fit-in/180x240/v2/https://resizing.flixster.com/-XZAfHZM39UwaGJIFWKAE8fS0ak=/v3/t/assets/p36002_p_v8_aa.jpg,Major Dundee,1965,97%,"Major Dundee is a Western-type with big war scenes, shot with bombast typical of Sam Peckinpah.","During the end of the Civil War, Major Dundee guards Confederate prisoners, Union deserters and ordinary hard-bitten criminals in a... [More]","['Charlton Heston', ' Richard Harris', ' Jim Hutton', ' James Coburn']"
97,https://www.rottentomatoes.com/m/life_and_death_of_colonel_blimp,"['Michael Powell', ' Emeric Pressburger']",https://resizing.flixster.com/yHIOmwiWRgBzWt9CHbS0MvwU18s=/fit-in/180x240/v2/https://resizing.flixster.com/-XZAfHZM39UwaGJIFWKAE8fS0ak=/v3/t/assets/p6218_p_v8_aa.jpg,The Life and Death of Colonel Blimp,1943,97%,"A moving evocation of both British values and the passage of time, The Life and Death of Colonel Blimp is an epic portrait of a singular character by Powell and Pressburger.","General Candy (Roger Livesey), who's overseeing an English squad in 1943, is a veteran leader who doesn't have the respect... [More]","['Roger Livesey', ' Deborah Kerr', ' Anton Walbrook', ' John Laurie']"
98,https://www.rottentomatoes.com/m/zulu,['Charles De Latour'],https://resizing.flixster.com/DU-JlmHV7hCDCpqlvVIZmVXPdsU=/fit-in/180x240/v2/https://resizing.flixster.com/-XZAfHZM39UwaGJIFWKAE8fS0ak=/v3/t/assets/p1566_p_v8_aa.jpg,Zulu,1964,96%,"Zulu patiently establishes a cast of colorful characters and insurmountable stakes before unleashing its white-knuckle spectacle, delivering an unforgettable war epic in the bargain.","In 1879, the Zulu nation hands colonial British forces a resounding defeat in battle. A nearby regiment of the British... [More]","['Stanley Baker', ' Jack Hawkins', ' Ulla Jacobsson', ' Michael Caine']"
99,https://www.rottentomatoes.com/m/1022172-twelve_oclock_high,['Henry King'],https://resizing.flixster.com/TdjLTY26W4FagHEFutP750hw2EI=/fit-in/180x240/v2/https://resizing.flixster.com/-XZAfHZM39UwaGJIFWKAE8fS0ak=/v3/t/assets/p121_p_v8_ad.jpg,Twelve O'Clock High,1949,96%,"Twelve O'Clock High is a high-stakes, high-tension war drama powered by great, well-written characters.","In 1942, an American Air Force unit stationed in England is plagued with morale problems until no-nonsense Brigadier General Frank... [More]","['Gregory Peck', ' Dean Jagger', ' Gary Merrill', ' Hugh Marlowe']"
100,https://www.rottentomatoes.com/m/gunga_din,['George Stevens'],https://resizing.flixster.com/OHQ0EAk28LEW1RN5ZW-uJC4zZVc=/fit-in/180x240/v2/https://resizing.flixster.com/-XZAfHZM39UwaGJIFWKAE8fS0ak=/v3/t/assets/p4530_p_v10_ac.jpg,Gunga Din,1939,93%,"Funny, suspenseful, and spectacularly entertaining, Gunga Din is an expertly calibrated adventure flick with some unfortunately outdated ideas about race.","British army sergeants Ballantine (Douglas Fairbanks Jr.), Cutter (Cary Grant) and MacChesney (Victor McLaglen) serve in India during the 1880s,... [More]","['Cary Grant', ' Douglas Fairbanks Jr.', ' Victor McLaglen', ' Joan Fontaine']"
